0,1,2,3,4,5
0.20173720561418498,0.5351004988321685,0.0630428767544328,0.15749989290984598,0.7662246371024184,0.23893250289930032
0.058361717297128045,0.9176099080101427,0.0269361772140591,0.07476387390082768,0.36375664220776754,0.1263007420481438
0.02302489090056434,0.9729046466397144,0.00865597402276855,0.04325816093099364,0.2104161855171437,0.08188551425539047
0.02299851545935055,0.9717901662530368,0.008646058443364869,0.043208607902248376,0.21017514985901592,0.09476080053927895
0.012132212661997592,0.947691777571228,0.012132212661997592,0.06061100580054456,0.29491577017204185,0.10457967314641925
0.0032586524196846676,0.9982629256882737,0.0013768953885991554,0.011457169476790048,0.055770018660990135,0.014732780658010963
0.054079678464865936,0.9773108631737162,0.010972688384175698,0.03915577201935593,0.19051160914118556,0.0631713345546115
0.06395779776572717,0.9061291887644113,0.01890378259085532,0.07870407145137567,0.3829348061194771,0.14713444116549057
0.005749465165268144,0.9997246205247413,0.00018137114086019384,0.004525382267045653,0.022033796871521485,0.003409777448171644
0.01001276125406664,0.9974612074316509,0.0016781164112960848,0.013966017552305619,0.06797202692744872,0.01236212422988116
0.08145661708158954,0.9484859988542809,0.002340707387401998,0.058455632532209936,0.284474876222446,0.09690528583844273
0.03828740983876585,0.5497346415269831,0.0546962997696655,0.15177816002517225,0.7386619813927146,0.3530950018463962
0.025523349207850588,0.9664147200718666,0.009816672772250226,0.04901494165202855,0.2386185181779803,0.07715904798988678
0.008249222447943818,0.9986593613947162,0.0016174945976360428,0.010093603012790268,0.04913562815156761,0.009624092855934454
0.011262694493286962,0.9938798884978333,0.003412937725238474,0.02132365948414021,0.10369704456884904,0.02926594099391991
0.05994215637094359,0.9725208540601794,0.0033581039983721895,0.04194674866446669,0.20408237331295292,0.08479212595889779
0.05659046672277991,0.8976694740961196,0.01838244807495728,0.0765244156408935,0.3723811551070818,0.21476826834241752
0.04727090865357031,0.9370095597439618,0.0026706728052864584,0.06670122840806363,0.32457004412710155,0.09988316291771354
0.043197270406169115,0.9409753430429938,0.02044841202658893,0.0638182159092324,0.3106740275062323,0.10812097859058896
0.01109775198071725,0.17299797261652972,0.051789509243347166,0.18472370938932914,0.8992213969622633,0.3529085129868086
0.0019741604786419854,0.9984325394778413,0.0013161069857613235,0.010951387646845976,0.05330738238713565,0.01285397822760226
0.03386106775245074,0.9002935545931268,0.022574045168300496,0.08054187125870745,0.39196736790565756,0.16640296152632938
0.01076065219853879,0.9956450830386634,0.0007320171563631831,0.018265321366260398,0.08897552876883785,0.018007622046534305
0.032635057625772665,0.9020607810432457,0.02261835677033749,0.08069997049701065,0.3927367781681352,0.1547741841855951
0.07927054284580048,0.9622517076698925,0.008007125539979846,0.049991547471613225,0.24329420748369487,0.07766911773780451
0.019617507843365672,0.9961864218393445,0.0013390790336768375,0.016722030639636582,0.08136060754792851,0.018077566954637306
0.007610017994818841,0.9423225069465637,0.012274222572288452,0.0613241025889904,0.29837140072923923,0.1379622617125222
0.03408815164904857,0.9061187918488296,0.016388534446657964,0.08179822369067698,0.39836964372436806,0.11013095148154152
0.03348534481232045,0.9722574507959784,0.00697611350256676,0.04355569601866694,0.21196566839788844,0.08196933365515943
0.015056903015550164,0.9569484694321572,0.010603452827852229,0.05296558291017819,0.2577634489319571,0.12109143129407246
0.005728162565680842,0.9995953307522024,0.0,0.005517671390381187,0.026870582796093667,0.004887737169943885
0.03793231080576697,0.9859881386423598,0.008970478906769216,0.032015395733831865,0.15574555729908607,0.03203742466703292
0.07480357359736232,0.9643003673380481,0.001973709065893465,0.04929040361999979,0.23987376420592,0.06750085005355651
0.047068399141836616,0.9232680438940079,0.017115781506122408,0.0712541679883905,0.3467166966000249,0.14063467137530578
0.06240674334077247,0.8322263415366506,0.028366701518532943,0.10124558005890223,0.4925368333781691,0.22328646481016645
0.003405678162067714,0.9995096975932337,0.0,0.006128895172379669,0.02977350674867988,0.006688849915427956
0.007580549685908542,0.9978525079714424,0.001031367304205244,0.01287345449537856,0.06266308239811622,0.011809155633150043
0.008784293333890856,0.9956549959054145,0.0007320244444909047,0.018265503219914832,0.08897641462924716,0.018520218445619886
0.005226848025929851,0.9744893307543405,0.010116480050186808,0.042104806829677585,0.20493833771427786,0.08042601639898514
0.050842028595536715,0.9080160342591321,0.015691984134424915,0.07840352368114545,0.38145167196055835,0.14499393340208622
0.0033301071456684063,0.9995255382518837,0.0,0.0061072083734592525,0.02975152249315709,0.003893287030597622
0.0041292315594063395,0.9995166297304492,0.0,0.006130672554126522,0.029864033121416868,0.004473334189356867
0.067295571346717,0.968351022001022,0.009320716253007894,0.04653470117192974,0.22656345945144943,0.06468577079587479
0.0649253261649134,0.967815980251746,0.011324184796205825,0.04716047351858286,0.22939591765451542,0.0643591169251031
0.0049056629240297805,0.9692794130341835,0.007267648776340415,0.04537638274556872,0.22084140744738825,0.09793156726118708
0.07216655034171525,0.9638361371981423,0.015774109364309345,0.04923523461790112,0.23965789702980217,0.07551854858163097
0.04495794643709675,0.9612346650798256,0.018646152900178375,0.05173333686259157,0.251815424763107,0.08701538020083242
0.05468206076799794,0.9759591755607886,0.004569531540501221,0.03804230967629617,0.18512261342254263,0.09367539658027503
0.005252303997681929,0.9996195820256011,0.0,0.005414396176096342,0.026369122768408436,0.0029083005606999114
0.0065156986067816496,0.99959659361854,0.00022162240159121258,0.00552931270289956,0.026926106762733038,0.002925415701004006
0.0409695127274078,0.9676898842426878,0.00755198391288623,0.04715081156010518,0.22946404815940252,0.08344942223739285
0.01775203074854831,0.9972932070425505,0.0005671575319025019,0.014152860394245669,0.06893959738698906,0.011740160910381787
0.022221754101474825,0.9958800247210452,0.002076799448735965,0.01728879467487575,0.08412249233725753,0.018691195038623685
0.026113526811898206,0.9664582894891359,0.009817115342818874,0.04901715142015493,0.23862927595057085,0.07637715736713084
0.050395529269658935,0.9056320762011314,0.01565078548747172,0.07819767851431662,0.3804501865761618,0.16182912194045757
0.027146109824356116,0.9939004333647348,0.0,0.02136551272437039,0.10407158265311935,0.011731914971409426
0.08502365518071643,0.9394342105361126,0.0202437274239801,0.063192161605555,0.30755432186371523,0.10602652238309578
0.023865926019270012,0.3850886492839312,0.047731852038540024,0.1701806904772486,0.8287416216731089,0.3648077262945559
0.0067150944120316835,0.9995870137675517,0.00022162027762480803,0.005529259711530741,0.026925848710542655,0.005008618274320662
0.03684155421203208,0.9308813673629216,0.013850208350387997,0.06913403519179591,0.3366552969470456,0.11744976681129021
0.005683765492314108,0.9978661550104957,0.0010334119076934743,0.0128988665847461,0.06278737413695964,0.011005836816935502
0.017981188447784673,0.8809449017327701,0.020356062393718496,0.08473499348935902,0.4123634767690829,0.21441719054716818
0.00789115261845731,0.9982661329064555,0.0013763638288006935,0.01145273718308886,0.05574848826723248,0.012708426019259736
0.00472304207112445,0.9690886679013849,0.0072662185709606916,0.04536745309738231,0.2207979479216576,0.09991050535070951
0.017431519639184254,0.9918588463385013,0.0,0.02486536550451077,0.12107350830578016,0.025200996964077807
0.2163828128320766,0.6677266027431016,0.04316864096400531,0.13477438571766676,0.655857330949247,0.2390463493381794
0.004245608090924179,0.8218839194775117,0.025473648545545076,0.1059946203716667,0.5160149859621257,0.2152523302098559
0.049318582194543104,0.6081277096080332,0.029010930702672414,0.1448616728023279,0.7052015909852752,0.3295641727823586
0.06295614252107148,0.961371360182874,0.012425554444948318,0.0517309794725348,0.2516962762346418,0.07496751181785487
0.021655969937981287,0.9736255550089157,0.008662387975192516,0.04329021460692079,0.21057210088837627,0.07276405899161713
0.04002993173956826,0.5486287738227713,0.05458627055395672,0.1514728371426442,0.7371760600629574,0.3578433291870496
0.05420791601809707,0.978398065417214,0.0045809506494166536,0.038137376156030016,0.18558522874024974,0.062300928832066484
0.07302517656743951,0.9539204666363801,0.017975428078138955,0.05611899435924356,0.2730897362493226,0.08156350490455551
0.0033790638442980146,0.9995209636508811,0.0,0.00610718042215588,0.029751386327206926,0.004897193977243499
0.016865348024747668,0.9413778430739945,0.024801982389334804,0.061963859088517884,0.3014373910881666,0.13492278419798134
0.009003327894157717,0.995591658425348,0.0007319778775737981,0.01826434128033651,0.08897075449404858,0.021593347388427043
0.05690555647402709,0.9770642833652615,0.00475533898111647,0.039591731819770576,0.19265093994168994,0.05833215816836203
0.009365459913806011,0.9982794483187856,0.0013705551093374652,0.011404489572171732,0.05551313318373484,0.011695403599679704
0.06722141076930886,0.9721361576781611,0.0035194455900161704,0.04395080133366604,0.21386581582118158,0.05243973929124094
0.012670440878226658,0.995922697823754,0.0007039133821237031,0.01756392000634186,0.08555987617501432,0.018653704626278134
0.021480346585129057,0.9711231924506462,0.007281473418687816,0.04546269845533698,0.22126149564474254,0.07336084469327973
0.07688871342293115,0.9431239487287117,0.014978320796674898,0.06232047408580122,0.30340995290539674,0.09186703421960603
0.06541865500734977,0.7480261415104421,0.03469171098874609,0.12373666016911013,0.6023597109548416,0.23838161407981245
0.009334381937825256,0.9988866001348854,0.0011068437080425204,0.009209146261739272,0.044830236132793355,0.00653037787745087
0.03723154105320859,0.9450413026916765,0.017259654792878155,0.061561120298995194,0.2996883611892357,0.10774955920696791
0.05059162315920172,0.9284232503977621,0.024650739062843,0.06838807975697415,0.3329058481389186,0.13913972715471382
0.001231756823540939,0.9962161778873622,0.0006843093464116329,0.017074339364185932,0.08317711674698756,0.018476352353114088
0.004153809437896134,0.9995164177885044,0.0,0.006130671254151489,0.029864026788914668,0.004497911994881612
0.0062998342938728755,0.9955366231383852,0.0,0.017686062776567226,0.08602287821745835,0.033976634393921124
0.005822724344467782,0.9994693679182547,0.0,0.0063158407427236374,0.0307597894379562,0.00640499677891456
0.06060780317277983,0.8991056997433278,0.003281235218818163,0.08194819334293986,0.3987704520717505,0.1489680789343446
0.006462209056703532,0.9956176365761823,0.0,0.01774315958307548,0.08630074256697189,0.030677739697757427
0.008330153706432194,0.9986661383651327,0.0016175055740645036,0.010093671508667499,0.04913596158928547,0.008815405378651544
0.02765312459913664,0.9937171996427494,0.0,0.021627690791497806,0.10535126172124676,0.013956592666021943
0.18893207992286112,0.7742007034176921,0.02309683128641334,0.11532848378919627,0.5614389759453624,0.1893940165485894
0.04685428681593308,0.6138503108258285,0.029283929259958177,0.14622484960235366,0.7118376764975842,0.3033815071331667
0.038776520883887,0.5480580155725211,0.054529482492966096,0.15131525450095087,0.7364091492878697,0.36050046759238696
0.04498076374908137,0.9779236170093593,0.0047514891284240884,0.03956004321521585,0.19248756024329114,0.05480050794782449
0.051350210822435564,0.9059078948877443,0.015655552080010845,0.07822149434587866,0.3805660562251513,0.1596866312161106
0.03854474752401336,0.5447821866745318,0.05420355120564378,0.15041081944240506,0.7320075160602981,0.37460676499900486
0.017974325610219465,0.9908984824416562,0.004108417282335877,0.02566602227786305,0.1248282094793274,0.039235385046307636
0.05948511628716207,0.7968612126225958,0.00468386742418599,0.1169735467300679,0.5692296586425355,0.15409923825571906
0.004653878030877542,0.819016956062194,0.025384789259332047,0.10562488117659978,0.5142149798402763,0.2301554226179439
0.0746119096683596,0.8417728112931245,0.024236406495299675,0.10080802050831131,0.4909425061074316,0.18460062947253256
0.0789741952158237,0.947801196276747,0.014490678021252054,0.06029083271816264,0.2935388722330046,0.07366094660803128
0.05655676912414133,0.8971349440347866,0.0183715019846863,0.0764788480887305,0.37215941544964376,0.21739610681878788
0.07409118827792432,0.8163733272775867,0.03446101780368573,0.10759190674423812,0.5235622804743499,0.20288924231919978
0.008930525204374979,0.9956357066355229,0.0007320102626536868,0.0182651493541453,0.08897469084934063,0.019471472986588072
0.051718922622514735,0.9759074103564825,0.0032941988931538047,0.04113235563958635,0.20018123597038626,0.05616609112827237
0.0018594710293099999,0.9982458652588976,0.0013946032719824998,0.01160448917748881,0.05648740141729533,0.013202244308100998
0.04745548915973551,0.6140511807877526,0.02929351182699723,0.14627269869431297,0.7120706108212336,0.3023090420546114
0.13976683802462322,0.8252421725301787,0.029380416401572452,0.10483356489517702,0.510137374511408,0.1653697723174221
0.004700328694117224,0.9981917126653326,0.0014243420285203706,0.011850734580787,0.05769279344856067,0.010967433619606856
0.03585718902514539,0.9527851128609521,0.01453669825343732,0.06047683192113191,0.2944604961216759,0.018413151121020606
0.1531396098811566,0.7198477499336199,0.04003649931533506,0.12502172618387605,0.6082616223268563,0.2667431766884198
0.02746668363451313,0.9838887411414444,0.002666668314030401,0.033307913909664165,0.1620632867830478,0.0618667048855053
0.0048299577977115125,0.999798606867948,0.00015630931384179653,0.0038989404471413127,0.018988272563604247,0.0019069736288699177
0.003238694037395579,0.999553616115316,0.0,0.005938919470184025,0.028934833069244565,0.003095810476922245
0.015921239821792357,0.9966331135592347,0.0018878940500149039,0.015711192729787698,0.07647046372870853,0.019256519310152022
0.051734115513110586,0.9016844954221456,0.015582564913587525,0.0778568208296382,0.37879183338466543,0.1857441737699633
0.02614042261839923,0.9674536998499291,0.009827226548270387,0.049067636972310494,0.2388750538141922,0.06151843819217263
0.026661531473671552,0.9649735512703135,0.009802033630026307,0.04894184797573025,0.23826267760899006,0.09409952284825254
0.07233390389239568,0.9528501529771506,0.00918525763712961,0.05736650360954888,0.27910470820304223,0.07463021830167807
0.08085397506664516,0.8116882505444074,0.0,0.10930697403850007,0.5319854702738277,0.19916893203550318
0.03182372387248689,0.8974052257741649,0.022501622940142244,0.08028347619778227,0.3907098551321421,0.1845133081091664
0.004678961930067015,0.8234313688645981,0.025521610527638263,0.10619418786099398,0.5169865429604207,0.20672504527386992
0.04721443189944215,0.9842737575345215,0.004892687243465507,0.03055285029710849,0.1486579047041286,0.0769375069034951
0.009332026191048766,0.9426878869891678,0.012278981830327324,0.06134788065122647,0.2984870924953879,0.13506880013360056
0.21633896178136475,0.6547328435788601,0.03142938912077939,0.13078156442288794,0.6366567018668806,0.3179606532718848
0.1502884219784465,0.8464279058184491,0.027325167632444816,0.09751516958609077,0.4744493058312725,0.16004741041860535
0.05363843937389241,0.9704335311683266,0.014496875506457407,0.0452681609095965,0.22023749311210322,0.0679541039365191
0.0018594437191641203,0.9982312039709431,0.0013945827893730902,0.011604318741764187,0.05648657178394867,0.014271230544584623
0.053137382727718424,0.9643797716017354,0.009988229836037296,0.049889869608208265,0.24279115407941954,0.07491172377027973
0.04546156075477913,0.9430589098889874,0.02020513811323517,0.06310721299752023,0.3069686318119819,0.09976286943409865
0.14469121653660977,0.8099615026391251,0.02599243410837301,0.10815469160783416,0.5265292142612708,0.1828134532288902
0.018579997015481426,0.9921472639110792,0.0,0.024540902438929188,0.11949150968429786,0.020447827403281146
0.02762588058386639,0.9464733314238388,0.01211661429116947,0.060533078305281984,0.29453659733075016,0.11341150976534624
0.03931394679485028,0.9223479746316409,0.017344388291845713,0.07216696441441894,0.35134749949108274,0.13702066750558112
0.010508126077725917,0.9903555755220467,0.0,0.02624764916636514,0.1276990143957129,0.04571034843810774
0.025314374150154847,0.9659323485749701,0.009811772926416608,0.04899047657478592,0.2384994153027756,0.08340006987454117
0.05071542756472962,0.9057549961160422,0.0156529097422005,0.07820829215338904,0.3805018244385903,0.16091191214982112
0.003258722543506963,0.9966751782099679,0.0019168956138276253,0.01595632215497775,0.07764466832389783,0.01846609441320612
0.030279413517374693,0.9796569334881919,0.007646316544791589,0.038185964799451716,0.1858765569044029,0.05734737408593692
0.02669726063155637,0.9662667137580745,0.009815169349836901,0.049007435018816145,0.23858197377675736,0.07871765818569194
0.008710707958264704,0.995611227869428,0.0007319922654003952,0.018264700285961277,0.0889725033116387,0.020788580337371222
0.0044658813388530096,0.9596196503300569,0.010633050806792879,0.053113428544332084,0.2584829576860411,0.0967607623418152
0.08035163359221208,0.8066452743367144,0.0,0.10862785558502812,0.5286802726593126,0.22707746400993423
0.006308292587119799,0.9657248812477125,0.015770731467799497,0.04922473072191287,0.23960657625122522,0.0851619499261173
0.00433526527498768,0.999381740607663,0.0,0.006590906441018206,0.03212115147269885,0.01192197950621612
0.15536757002531854,0.7988911414845131,0.03561434269921342,0.11117680390692242,0.5410818083502514,0.1767361756448466
0.16301721523619042,0.7774331976595406,0.03187487448752327,0.11368943536516372,0.5534511412322785,0.22084734466355407
0.011959552939011173,0.9464450935145988,0.021966525806347052,0.06097219279366675,0.29664055305207904,0.10910041150485703
0.008783834140388596,0.9956029486561668,0.0007319861783657163,0.018264548402028485,0.08897176344219099,0.0211544005547692
0.016319012614522545,0.9444211788178921,0.015063703951866963,0.06265039664693325,0.30513322424659484,0.10268424860522647
0.004153797694051196,0.9995135919087912,0.0,0.00613065392123007,0.02986394235593692,0.00508778770809821
0.00337907971173409,0.999525657209727,0.0,0.0061072091003044485,0.02975152603401404,0.00381982923935158
0.02414845309961815,0.9948297423022822,0.0,0.019624614043822354,0.09559447546932143,0.014394680512150234
0.01948573959312363,0.98751719169272,0.004841177538664255,0.030231773993359756,0.14709269233441158,0.043086480094111874
0.028162962016120622,0.9482381908531902,0.012139207765569234,0.06064595245660543,0.2950858105772621,0.09565695719268556
0.0187580182701328,0.9874358779596796,0.004840778908421367,0.03022928466110254,0.14708058048864595,0.04526128279373978
0.02399422027067259,0.3404509064493957,0.05484393204725163,0.1711018249813554,0.833199710228596,0.396247409041393
0.03046120836784927,0.977932344918002,0.004759563807476448,0.03962690663967165,0.1928220984590054,0.06282624225868912
0.003932627965471795,0.9995233600140031,0.0,0.006130713835245253,0.02986423421202906,0.002851155274967051
0.04944022641596628,0.6096276558447138,0.029082486127038988,0.14521897393747787,0.7069409698292047,0.32281559601013277
0.08010778691092883,0.804197311995114,0.0,0.10829819779345472,0.5270758630887227,0.23939916616403367
0.011019704190347819,0.9946401089367344,0.000804357970098381,0.020090400757669054,0.09777285630512131,0.02461335388501046
0.05645735757762374,0.8955580227643068,0.018339209839069923,0.0763444189004631,0.3715052595702702,0.22496097402592435
0.07910156761929087,0.9258961910723643,0.022440161026749183,0.07005279708686453,0.3409224549511011,0.12173787357011431
0.05188905042662758,0.9684305406221403,0.009400190294678909,0.046931371264833335,0.2285058418048435,0.07031342340419824
0.004271101960659692,0.9979267022435248,0.0005084645191261538,0.012688569366147045,0.06180630801412098,0.011948916199464612
0.005298630827270725,0.9996059131013711,0.0,0.005507796486940083,0.026823497275279818,0.003179178496362435
0.008829400151754511,0.9414652035591251,0.01226305576632571,0.06126831132804352,0.2980999492774546,0.14421353581199034
0.040107753511156294,0.5496953572833885,0.054692391151576765,0.1517673139009509,0.7386091963305789,0.35306976954517894
0.09738316919865941,0.9476129831906946,0.009431783941758781,0.05890917762019613,0.28659560162187364,0.08276390408893332
0.009516552927647854,0.9561668027980437,0.015492062905473251,0.05528563963002493,0.2689815618787955,0.10003446333248443
0.061568971315343016,0.9626257697462396,0.0061161229783453334,0.05090663219181063,0.24777959525682808,0.07441282956986822
0.0030379048835484437,0.9996191050626847,0.0,0.005452639311585507,0.02655327096978849,0.004196242716843893
0.14595599809033638,0.8008853298122608,0.03980618129736446,0.11047086623098148,0.5375719518974085,0.18576217938770084
0.01137341551876567,0.9935989437125273,0.003472798631684174,0.021697837482844817,0.10551626341758454,0.0318629274457023
0.030550878862830824,0.9576637789354162,0.0021822056330593445,0.05450043293126282,0.2651975586304929,0.09296195996832808
0.006043440788243037,0.9995873530076618,0.0,0.005605118340411144,0.027295730525313814,0.0034822800080954305
0.047562947349691444,0.827816287579644,0.032802032654959616,0.10244439720757176,0.4983498424179131,0.22920420317653034
0.006275771244099028,0.998254855634696,0.001394615832022006,0.011604593689535673,0.0564879101526523,0.010970977878573115
0.004162608391725513,0.9995194055382012,0.0,0.006107170901920087,0.029751339948977787,0.0046033551626140975
0.005384688065595869,0.998827175282532,0.0,0.009530114995924939,0.04642354968872823,0.008325262399290068
0.021609053419493256,0.9960025632893224,0.00206455924390063,0.017185976104681283,0.08362655500294867,0.01479600791462118
0.00954817898279453,0.9982771887232463,0.0013705520070996934,0.011404463758223736,0.055513007530313525,0.01174106219415404
0.0028888899944218525,0.9991586345471325,0.0,0.008100135933752734,0.03945972820923432,0.007141076390705702
0.14872743994009371,0.8121851639156166,0.03419021607818246,0.10674642753748612,0.5194481919520576,0.18932832153293538
0.004006328994312208,0.9995144420854661,0.0,0.006130659135905497,0.029863967757919867,0.005038634624748482
0.055908111891818144,0.9765286183436241,0.012670393629873801,0.03956243301971889,0.19248928522070835,0.06699470631795772
0.017338269577150213,0.9852214240182493,0.0026270105419924565,0.03280309972133122,0.15965592207200877,0.04965049924365743
0.2919818968191532,0.38390586410437866,0.046663773464248236,0.1664396805669454,0.8102210321212029,0.28464901813191423
0.021932941322913062,0.9530179562721727,0.011305639857171682,0.05648853910123945,0.27482827922855296,0.11147360899171278
0.004027473246365903,0.9994214605658761,0.0,0.006606547878933307,0.03219635773510856,0.007763484613060589
0.031731286668649765,0.9625886219061235,0.01043792324626637,0.052094109233628505,0.253724829511778,0.07223042886416328
0.031666878907635594,0.9832103397721017,0.002777796395406631,0.034696065876826526,0.1688165897930106,0.05083367403594135
0.1838065115679742,0.6771378454038715,0.042745700364645166,0.1334136588402195,0.6494188082490373,0.2575428446969871
0.16402174727086882,0.7603141259698452,0.03376918326164946,0.12044155495452197,0.5863389601742955,0.18862500936149915
0.03873472981511506,0.9612212620706163,0.017026254863786842,0.053142027438572784,0.25868180559918563,0.06725370671195802
0.01733185360538502,0.9918555643431958,0.0,0.0248652832266613,0.12107310768155086,0.025400130283753913
0.022683267065019497,0.9731026335802634,0.008657735520999809,0.04326696400431237,0.21045900539364076,0.07947801208277824
0.05834426223850413,0.9790540424097453,0.004570046650535572,0.03804653714154991,0.18514345129073545,0.0479854898306235
0.048965817797662924,0.9081426564836709,0.015694172371045808,0.07841445699972752,0.3815048651393518,0.14470026926104237
0.01267042420982955,0.9959213876534784,0.0007039124561016416,0.017563896900406065,0.08555976361807914,0.018724071332303666
0.008795818043331403,0.996210228548007,0.0020615198539057976,0.017160702848135184,0.0835034284375433,0.014705508291194687
0.05515833519803458,0.9430522437805411,0.024846096936051613,0.06207407235750599,0.30197354878970056,0.1093228265186271
0.05674261738614357,0.9801934907078241,0.004421502653465733,0.03680905380512876,0.17912527142468415,0.05040513024950936
0.008418203072113542,0.9956457659392557,0.0007320176584446558,0.01826533389421739,0.08897558979604757,0.019178862651249982
0.1569067170860034,0.7918802464880612,0.03607050967494331,0.11260072390648831,0.5480134371217287,0.1844104807131477
0.012585336805889876,0.9452759345649077,0.012101285390278728,0.06045649704787335,0.29416397489673657,0.1263374194745099
0.06066298822758034,0.8999243599605664,0.0032842228728145904,0.08202280940396983,0.3991335434246522,0.1428636949674347
0.009722275085074148,0.9974529455392278,0.001104803986940244,0.013802713938279766,0.06712839293230329,0.017179701996920795
0.03768862483754826,0.5498652434875412,0.054709294119021666,0.15181421837727846,0.738837467337518,0.3525710065448063
0.010124706011153886,0.9974681361861539,0.001678128068147053,0.013966114565709533,0.0679724990876532,0.0116909588747578
0.04721300145250156,0.9435540471376868,0.019672083938542317,0.06140641001415985,0.29887986471635253,0.11827840468048569
0.06234554009603558,0.974650797156567,0.001649352912593534,0.04118686573741681,0.20045507935027357,0.0654793106299633
0.07072655396136124,0.9412294853074665,0.01515569013457741,0.06309409789062095,0.3070067690379664,0.10305869291512637
0.026681306743195743,0.9656892870516182,0.009809303949704317,0.04897814889999215,0.23843940071553502,0.08592950259940982
0.05361972026879951,0.9695051162735777,0.014640196660423075,0.045715880697245255,0.22241487417866776,0.07356698821862595
0.15476076892071747,0.775925980846234,0.037442121513076805,0.10391033247730719,0.5056460744801515,0.32574645716376815
0.006391817579285134,0.9957145016932252,0.0,0.01774488584139653,0.08630913889425912,0.027342775200275296
0.06764333950963285,0.9530004835514095,0.022105666506415964,0.05522267393000736,0.26866658956268746,0.10721248255611743
0.006462334443409892,0.9956369546166773,0.0,0.01774350385487496,0.08630241706647693,0.030039202962224003
0.09784496845455425,0.921563187103273,0.017016516252965956,0.07084015421314319,0.34470271891051874,0.13045995793940568
0.004677310299250272,0.823140705113831,0.025512601632274205,0.10615670228281408,0.5168040514336766,0.20835291333023934
0.004040203725798021,0.9995255885917216,0.0,0.0061072086810410675,0.02975152399155484,0.0031342186478917978
0.10898344262215552,0.891581771189102,0.0269094920054705,0.08402687336211703,0.4088219863770005,0.13522019732748927
0.0037490716048215406,0.9991209666762262,0.0,0.007876563155704543,0.038283931386346115,0.014681238385267546
0.02664108396160646,0.993808683426105,0.0,0.0214408303112814,0.10444245944786441,0.016328406299049122
0.001859408948839344,0.998212537730709,0.001394556711629508,0.011604101748946764,0.056485515523720844,0.015526064722808522
0.00397381975330205,0.9995226176722829,0.0,0.006118296489121815,0.029804523861896196,0.0036058734798481563
0.0061386862806020225,0.999578596495232,0.00022651978895210415,0.005651741220687464,0.027521218830952283,0.003941444327766612
0.11043261919663898,0.9273221751406353,0.02503510258865871,0.06948676314234542,0.33808326052842436,0.09012636931917134
0.003603234945576238,0.9983717273979544,0.001801617472788119,0.011242124558503637,0.054730260739390274,0.010764664399909009
0.0456164291686826,0.8862706402307046,0.024753101099285132,0.08828391531868836,0.42979506061676853,0.1389709818859865
0.009025543039793898,0.937249744972002,0.02507095288831638,0.06263531316184437,0.30470646973066856,0.1551891983786784
0.017463349895047622,0.9844665283050275,0.0,0.033552038619741396,0.16324897995374182,0.052390049685142874
0.017192787437875636,0.9843580010665615,0.0,0.03354833985498747,0.1632309834444981,0.05453337265451179
0.02135498805862954,0.9883740921511454,0.0,0.029452587160414864,0.14340602438697478,0.035041057753662834
0.00640504219299015,0.9972254746422824,0.001164553125998209,0.014536021991897205,0.07075632642299327,0.01676956501437421
0.04838768184452066,0.8852155538959166,0.024723633059244132,0.08817881519643893,0.4292833987443882,0.14622262980752956
0.0009609093997691107,0.9980917889931764,0.001441364099653666,0.01199386453239709,0.058381631278934934,0.01604718697614415
0.13330186430672333,0.8297654965376787,0.03251264983090814,0.10153034032871076,0.49394530321352564,0.19588871523122153
0.0030672629678170187,0.9967499152710662,0.0019170393548856367,0.015957518661773418,0.07765049061630296,0.013866584667006104
0.011487499948192932,0.9796843225817566,0.007658333298795289,0.03824966819416585,0.1861712335937263,0.06249199971816955
0.03985677811632237,0.9473807910477566,0.014581748091337454,0.06067008486031986,0.29538424519890727,0.09866982875138344
0.020417544152040744,0.9927132283806991,0.0,0.023486865578483767,0.11436579682252364,0.021734805065075632
0.018677686197953552,0.992114454210087,0.0,0.024540090886349862,0.11948755817342196,0.021921705379703383
0.002853783612572655,0.999799782765327,0.00015854353403181416,0.003956839152551619,0.01925910116348007,0.0023781530104772125
0.0880371262416365,0.9538400409410562,0.01572091540029223,0.05608838575319489,0.2729581441988193,0.06737535171553813
0.027173326580600586,0.9938871355578445,0.0,0.021386865263575784,0.10417600222521052,0.011829397691239371
0.03626268337272427,0.5559626208346015,0.05531595768720652,0.15349766461625913,0.7470303307524344,0.3239056633461982
0.01746642363446309,0.9971920239426306,0.0011491068180567825,0.014343519017166536,0.06981756419877806,0.014880933293835332
0.0030867982509782802,0.9259684789337114,0.014030901140810364,0.07010550979726811,0.3410742293427195,0.14536013581879534
0.005713196887229432,0.9997256617108048,0.00018137132975331528,0.0045253869801084815,0.022033819819123012,0.003155861137707686
0.04027891596702575,0.9358748189511358,0.0027588298607551884,0.06890229995003437,0.33528475881066777,0.07310899131001249
0.03732102385967734,0.9581221513456427,0.00215728461616632,0.053878204861600006,0.26216897473422923,0.09470479464970145
0.056832941468516446,0.9015157434430959,0.018461211861176347,0.07685230193163677,0.3739767069929496,0.19476578513541049
0.020884028076608337,0.9884201648377959,0.0,0.029453960081690392,0.14341270920487711,0.033980791446684755
0.01140413070022484,0.996249428853636,0.0026833248706411386,0.0167511452117662,0.08151739707642482,0.02059451838217074
0.007069418343465213,0.9984510452747027,0.0013091515450861506,0.010891639013691157,0.053026568032488335,0.010647765900034023
0.04973790234673626,0.9050571477288677,0.01564084979457115,0.07814803575869407,0.38020866283789256,0.16579300782245418
0.0018129455577592557,0.998224558984318,0.0013945735059686583,0.011604241494586852,0.056486195766336206,0.014735993379735489
0.0637071135234937,0.9647074398977707,0.013679441554124414,0.04879589688359847,0.2375243904533134,0.0793407610139216
0.01899923512202715,0.9873931536334257,0.004840569457841312,0.03022797670192351,0.14707421661343476,0.0461064240859385
0.009956715452696739,0.9974503292662793,0.0016780981100050685,0.013965865240970215,0.06797128563451016,0.01325697506904004
0.0692107543070634,0.9628833501107994,0.009972731168164753,0.049812455839006405,0.24241441670740874,0.08197585020231428
0.041732202267790265,0.9476325272213497,0.012131454147613449,0.060607216358254196,0.29489733183272004,0.09729426226385987
0.020770434373102324,0.9886293650834493,0.0,0.029460194045650003,0.1434430626669601,0.027143181283031444
0.035392711484817665,0.8277378639630104,0.003277102915260895,0.08184433446747473,0.3982678247589976,0.38505959254315514
0.037697428963383864,0.9619061266744475,0.0170383859721509,0.05317989082654041,0.2588661148933105,0.05643965353274986
0.025518639866038716,0.9662364058070817,0.009814861486937968,0.049005897850125886,0.238574490407346,0.07950037804419754
0.061970628426184324,0.798711730792081,0.004694744577741237,0.1172451896085821,0.5705515573737601,0.13755601612781823
0.06609135514879581,0.9469504476025317,0.016823254037875296,0.0600182806072231,0.29209961233830306,0.09853620222184102
0.011039053723844752,0.17208295131737736,0.05151558404460884,0.18374666829460873,0.8944652329539263,0.3657606467167228
0.03986482298516272,0.9623944325746233,0.01043581753538291,0.052083599946465796,0.2536736439337371,0.0709635592406038
0.00968511347608258,0.9982647471587444,0.0013705349258607425,0.011404321623981802,0.055512315669704375,0.012654605815447523
0.07470490579180658,0.8428219951113821,0.02426661470013409,0.10093366740786539,0.49155441578922743,0.17795517446764997
0.0016671922731335057,0.9966283040452889,0.0019236833920771219,0.016011624819282557,0.07791970633955607,0.019942184497866163
0.0101374181218137,0.8124488303815407,0.026445438578644436,0.11003863248685118,0.5357002246542704,0.20010381857840956
0.011471167724886277,0.9464252761981646,0.021966065856165208,0.06097091611607969,0.2966343417887449,0.10934219448402237
0.0013686420476632206,0.9962331778520104,0.0006843210238316103,0.017074630729827272,0.0831785361257084,0.017518618210089223
0.016893768495302962,0.9978271582796898,0.0010085831937494305,0.012600603015293324,0.06128072815732427,0.01185085252655581
0.03706724440317369,0.9471434645647075,0.017298047388147723,0.06169805763663857,0.3003549917850507,0.08500754716461166
0.041139809429506936,0.9817430542330705,0.00410031323217677,0.03413523066726858,0.16611249104121936,0.0755824405797918
0.03599686864903245,0.5518872729371183,0.054910477600218985,0.15237248756060856,0.7415544077790196,0.34349554321025877
0.040079629740136805,0.962540697947118,0.010437403578160627,0.052091515648062955,0.25371219742985696,0.06867811554429692
0.04731570337177162,0.9226311327260723,0.01710206145967649,0.07119705049749964,0.3464387392635279,0.14536752240725015
0.043671794062720086,0.909016768549473,0.01570927843982737,0.0784899330524241,0.3818720739731178,0.13981257811446357
0.07413243603476558,0.9642026444162523,0.0,0.04910471605236848,0.2389831330259624,0.07275597170520759
0.02313224721953592,0.38422832721702244,0.047625214863750424,0.16980049177845133,0.8268901396670386,0.3701159555125747
0.04208831133589264,0.951615997790624,0.012025231810255043,0.06002211674565288,0.2922949045655073,0.05892363587024971
0.031083699826315644,0.9455377786730297,0.017268722125730912,0.061593461337981104,0.2998458020045712,0.1048458129062234
0.07317556856786239,0.9300151874068082,0.016630811038150544,0.06923850123476423,0.3368886761187117,0.10560565009225595
0.008335989739471122,0.9982988942996628,0.001374064242769965,0.011433583983874738,0.055655336260290074,0.009984866830795079
0.010853311554787626,0.9936736370011946,0.0034730596975320405,0.021699468606598337,0.10552419554832242,0.029607833921460647
0.05994372018647009,0.9739306986121217,0.006870340422518061,0.04288815161512217,0.20876525573182395,0.04895117551044119
0.004089160974640232,0.9995219422692243,0.0,0.006107186401619047,0.02975141545641327,0.004089160974640232
0.1812802888906246,0.6646554428180106,0.054602496653802596,0.13640675588560325,0.6636419658776193,0.25171750957402994
0.012317899963967089,0.7698401702200267,0.019708639942347343,0.1230162062737471,0.5988466304754251,0.18181220346815422
0.07900260327552945,0.9600579303439398,0.0,0.05191778736188083,0.25267205099104395,0.07422086676148426
0.007200365933118161,0.9984555429696738,0.0013091574423851203,0.010891688076957954,0.053026806899811374,0.010124150887778263
0.08324495301173375,0.9557096582575969,0.0,0.05427573109862509,0.2641543411401369,0.08346230275850068
0.012260922675287554,0.9968638963299805,0.001839138401293133,0.01530544464571088,0.07449533086188308,0.0180235563326727
0.050620501883973726,0.9040596656469334,0.015623611692584484,0.07806190720249927,0.37978962705708164,0.17185972861842932
0.06641173678335972,0.7839365931914251,0.004611926165511092,0.11517681436036271,0.5604864183900683,0.23151869350865684
0.0033414377549851127,0.9991515269127279,0.0,0.008095557534034124,0.0394374877971567,0.008012962383313813
0.05129793405249574,0.9049856408628975,0.015639614040395045,0.07814186142911404,0.38017862326529483,0.16577990882818747
0.023833774573371543,0.9948280434382901,0.0,0.019624580531002283,0.09559431222328513,0.015023930506646748
0.009948772428285032,0.9969998498240258,0.0012132649302786624,0.015137870137138963,0.07373723167817506,0.01498382188894148
0.038450442050569224,0.9708232971133418,0.007220740291186708,0.04508314330429242,0.21939883610347272,0.07617881007201978
0.10041808225700502,0.9035619041485312,0.025530020912797886,0.0708336387230457,0.34477070638398716,0.22126018124424834
0.04933283598192227,0.6229613822348038,0.02971857589272426,0.1483951914967829,0.722403125089511,0.2543910096417196
0.006243295834440475,0.975239087950532,0.010124263515308879,0.04213720162448808,0.20509601413887024,0.07019489370614156
0.00885825734798956,0.9973551696692111,0.0011356740189730206,0.014186385575403384,0.06900248585922289,0.015501950358981732
0.04696340979724673,0.884998974503289,0.024717584103814066,0.08815724111298118,0.42917836902890716,0.14830550462288442
0.02041867062151053,0.9852884221715099,0.0026177782848090425,0.03269336755452301,0.1590752005664537,0.04908334284016955
0.017635198697981302,0.942756609832259,0.02483830802532578,0.06205461298691648,0.30187888422249953,0.12369477396612238
0.1142632109249954,0.9004941649586465,0.016512024700143842,0.08241356276948074,0.4013700693327733,0.08883469288677387
0.0032148642264121954,0.9995486774716298,0.0,0.005938890126878502,0.028934690106597695,0.00442936848972347
0.017358599486099732,0.9909291071464451,0.004108544257065026,0.025666815511851487,0.12483206741950227,0.03872302962283787
0.056676160943264546,0.8237036440940626,0.004393500848315081,0.10972276296571903,0.5339413233305706,0.1454248780792292
0.11987764250903916,0.8262914406590358,0.025149155771127096,0.10468885179632657,0.5094563404569915,0.1781398533788169
0.007220005388300518,0.9971945377561204,0.0011645169981129868,0.014535571041466189,0.07075413135229819,0.018224691020468243
0.07216869401391587,0.96386476748078,0.01577457792653899,0.04923669712654594,0.23966501595081321,0.07512642737514194
0.02732986944235598,0.37644728764755425,0.04666075270646144,0.16636184800376413,0.8101447191954287,0.41394753472446505
0.004555351101141641,0.9856968930374508,0.0039045866581214066,0.032506178509837405,0.15820045865484203,0.04776611011768521
0.010578037232897465,0.9964065332197837,0.001995856081678767,0.016612195411733754,0.08084345454770515,0.0157007345092063
0.0032386757038768616,0.9995479578670473,0.0,0.005938885851296285,0.02893466927566063,0.0045722480525320405
0.027493265792607583,0.9938617976179758,0.0,0.021435597215712313,0.10441466370868327,0.010997306317043034
0.0056618492641951,0.9996016992535136,0.0,0.00551770654390422,0.026870753990712634,0.003450189395368889
0.0629198465619907,0.9765435263137083,0.0031618013347734023,0.03948421146149675,0.19213436738567588,0.06260366642851337
0.04666307985965605,0.6270207777434021,0.029912230679266696,0.14936217723785503,0.727110511590526,0.22972593161676824
0.029365230640962466,0.9918997394314515,0.004894205106827077,0.024461295854383013,0.11896305199523723,0.022317575287131474
0.07528815466453644,0.9310403470987165,0.016546847179018994,0.06884677041660929,0.33518570510861523,0.10065998700569889
0.002724800984531256,0.9976153562253434,0.0010685494056985319,0.013348356575215263,0.06492371551799161,0.01902017942143387
0.050883230737703886,0.9767961141964554,0.008128311619441515,0.04059069112309312,0.19759358190711288,0.050232965808148566
0.10839719053147344,0.8884646677637777,0.03097062586613527,0.08592170410499952,0.4182524867268553,0.1249148576600789
0.004773164528075695,0.9264844312955406,0.014038719200222633,0.07014457279366598,0.3412642769071799,0.14151028953824413
0.11093017301670563,0.8943398542681213,0.0,0.08244756351230108,0.40123922296662884,0.14163406019097236
0.017076527245484932,0.9852767401255216,0.0026271580377669125,0.03280494147967996,0.15966488609156487,0.048602423698687884
0.0349788837378125,0.5550968431790511,0.055229816428124995,0.15325862903504608,0.7458670112339154,0.32831057543385417
0.05778926230395846,0.9716969472414972,0.013800420848706496,0.043095660967397614,0.20965594178197092,0.08038745144371534
0.011204184161830664,0.9990408338310726,0.0,0.008094861146746906,0.03934919192245474,0.01334139848171744
0.08134948174756432,0.8166626126662057,0.0,0.10997685249360992,0.5352456977945566,0.1669178654327529
0.007685825958612978,0.9971963244811562,0.0011645190846383301,0.014535597085600715,0.07075425812613528,0.017933593903430283
0.002681362124921141,0.9998122859248845,0.00015410127154719203,0.003845934713244866,0.01871922543232598,0.0017259342413285508
0.015707661209783067,0.8866657184989388,0.020488253751890957,0.08528525874486097,0.4150413467323644,0.18336987107942407
0.04606163324622668,0.6189390239359416,0.02952668797835044,0.14743702836332023,0.7177386879539316,0.2775508669964941
0.025903535889661208,0.9659493292094389,0.009811945412750458,0.04899133780422542,0.23850360800985101,0.08300905819186886
0.0018315318495872102,0.9982970393508168,0.0013736488871904078,0.011430242282222357,0.05563846225877486,0.013095452724548554
0.006870737917048884,0.9988563026808153,0.0011202290082144922,0.009320839324171824,0.04537236293065291,0.009596628503704149
0.0019059219847312034,0.9982271043619886,0.0013945770619984417,0.011604271084298826,0.05648633980076224,0.014550087346850408
0.008930050418474755,0.995582774273265,0.0007319713457766192,0.018264178298672034,0.08896996056442175,0.02203233750787624
0.00931352303867755,0.9408187647584361,0.012254635577207303,0.06122624263177581,0.2978952647357765,0.14877127590729666
0.04127854082945746,0.8474015540124795,0.004007625323248296,0.10008711611910791,0.48704666545811215,0.1815454271431478
0.05069911359466275,0.9303958421678139,0.02470311371522296,0.0685333817657729,0.33361316275642694,0.12324108953483455
0.004692905654488263,0.8258852678829846,0.025597667206299614,0.10651065602483105,0.518527209029578,0.19240913183401875
0.0023214166392557228,0.9986207917947432,0.0,0.010344833625617595,0.050391173385345635,0.010239105533860064
0.20241393061766025,0.5371181003601126,0.06152399106919765,0.15370538688817648,0.7477639409828317,0.2897779979359209
0.13075040636658183,0.8881079232443151,0.025265779008035137,0.0788717085960269,0.3838532847263835,0.199915476401078
0.017515067186716828,0.9908816372181203,0.004097091739582883,0.025595269573687397,0.12448406881145133,0.04097091739582883
0.18365447098416804,0.6251387814114504,0.056858969344943666,0.1420440537560901,0.691068803289809,0.2729230528557296
0.05616968473120538,0.9772242628615194,0.011138464394290018,0.03974702144362024,0.19339025143013314,0.05266902449299995
0.007637653825544605,0.9983835124860685,0.0017659315203571342,0.011020216185870279,0.05364556485164264,0.013023744962633864
0.007862511139619197,0.9975112513038118,0.0005536979675788167,0.013815611448981874,0.06730339435204281,0.013731709595954655
0.008184626001501551,0.9976071484292875,0.0010912834668668735,0.01362174944414171,0.06630382438710143,0.011403912228758827
0.04852380586703449,0.9354203337449369,0.0026661431795073896,0.06658809901119604,0.3240195533159167,0.1149107710367685
0.009228546676976385,0.9982948387706958,0.0013705762391549086,0.0114046653949322,0.05551398902846658,0.010416379417577306
0.04999209592537872,0.9096825883767932,0.015720784882194565,0.07854742391010622,0.3821517805826635,0.13236900870807825
0.012037316322610339,0.9186418876278979,0.014679654051963828,0.07326882507038893,0.3568317388855801,0.151787622897306
0.1631852896758566,0.75866814797703,0.03369607751418868,0.12018081516013408,0.5850696150552028,0.19976960240554717
0.06039241981110429,0.8959105268782053,0.0032695746168019094,0.08165697213970433,0.39735333222895997,0.17067179499705967
0.013079830305784145,0.946031184222523,0.01211095398683717,0.060504800138036156,0.29439900387949147,0.11989844446968799
0.018625607315654796,0.9939276389050907,0.0,0.0214251562604062,0.10432924507072099,0.02042808544297623
0.008536574395537216,0.9972071970065128,0.0011614386932703696,0.01449735070749367,0.07056697667820097,0.017711940072373134
0.026806834819517327,0.34134758059327974,0.05498837911695862,0.17155247022719192,0.8353941782787632,0.3904174917304062
0.06183578152201936,0.9745977312783501,0.013262366010084582,0.04139643641170497,0.201499006033273,0.06200156109714541
0.05660532456177269,0.8979051574061759,0.018387274390582645,0.07654450714238577,0.37247892385802056,0.21359883750393507
0.044111968628656274,0.9051550709994504,0.015642542066899388,0.07815649103830852,0.3802497997714689,0.16674949843314749
0.042551358316957735,0.7050063294627457,0.04787027810657745,0.1328824667256736,0.6464605006356203,0.25158490604901257
0.00461507667967245,0.9993379451418045,0.0,0.00705910520447614,0.03440524658618264,0.008295812681865201
0.055589212005245706,0.9668213292270696,0.007641128797971918,0.04771588840592541,0.23217357811313527,0.07698437263956706
0.003957202699467489,0.999522301491888,0.0,0.006130707342654448,0.029864202585001994,0.003170677939324883
0.1160349424763665,0.5255585867279442,0.06340707239145711,0.15840988895557728,0.7706512064296519,0.2954769573441901
0.08009946340225937,0.8041137527862472,0.0,0.10828694519214116,0.5270210978694467,0.2398079407445169
0.0076870897447611,0.9981614856815393,0.0014235351379187223,0.011844011642403082,0.05766011044694704,0.012147499843573098
0.004610859253369757,0.9984008812802869,0.0017734074051422141,0.011065871566791367,0.05387324848174265,0.012103505540095611
0.2135298817481607,0.638824499693894,0.04176623603876004,0.13035012553398795,0.634545548811723,0.3534467724780068
0.0817960558315409,0.9422262235988496,0.02244403970987403,0.062273506895057375,0.3031030156085638,0.09625999253345974
0.0031893395550197903,0.9978255181467875,0.0005144096056483533,0.01283531699581517,0.0625284783317312,0.016101020656793457
0.09199057070979509,0.956103027216592,0.012926075509573079,0.05381398836566892,0.26183648842972834,0.07604841091465495
0.017310055602183967,0.9908726502693948,0.004097054580398572,0.025595037433574355,0.12448293978463164,0.041277824897515615
0.007877569072668575,0.9995018560053963,0.0002416432230879931,0.0060303129551790265,0.02935875752526574,0.00596858761027343
0.04003756455630216,0.9679812105895639,0.0075542574634532384,0.047165006473070294,0.22953312909532858,0.08026398554919066
0.03996683085533047,0.9896214997188169,0.001077273068876832,0.02690164153053087,0.13094322020401233,0.03436501089717094
0.011177949977435606,0.9939313660928348,0.0034131144969269025,0.021324763934204627,0.103702415514096,0.027475571700261568
0.008537152019692797,0.9972746726634241,0.0011615172815908567,0.014498331665378247,0.07057175156663127,0.013357448738294853
0.059284587416891764,0.7941749326133573,0.004668077749361556,0.1165792199700082,0.56731074198747,0.17411930005118603
0.05355137291999227,0.964640262807721,0.009990927783580647,0.049903345494662334,0.24285673504906566,0.0709355872634226
0.0034882289545799115,0.9982898188263087,0.0013769324820710179,0.01145747813218764,0.055771521101651275,0.01271367658445573
0.05595346630463919,0.8260066579343509,0.004405784748396787,0.11002953961229155,0.5354341833735593,0.1255648653293084
0.14692118157338602,0.7699906144452194,0.0427925771572969,0.11878995946518242,0.577888364246848,0.1887628125716319
0.051579172677282126,0.9099471840865924,0.015725357523561623,0.07857027068286844,0.38226293553157237,0.1295769459941478
0.12382311294238156,0.7052237725361218,0.03230168163714302,0.13435685283266208,0.6543117462044191,0.2002704261502867
0.004817067672084394,0.9434825366288133,0.01774709142346882,0.06331383883169817,0.30814087226459574,0.10267960037864102
0.0021556228573513065,0.9986308411537106,0.0,0.010344937728143214,0.05039168048373003,0.00924430571517964
0.008488032587016718,0.9982587012435731,0.0013764377168135216,0.011453475885376995,0.05575143057122096,0.012892633280819988
0.0033545945269272213,0.999525925389403,0.0,0.006107210738911068,0.02975153401655511,0.0037708580813634457
0.03460279249977762,0.5589343347370419,0.05561163080321404,0.15431813550195916,0.751023333764236,0.30895350446230024
0.04555599297193119,0.9473940611616356,0.016962337808697783,0.060529448208736854,0.29451430893454794,0.09838155929044715
0.04737936778216347,0.6130662068130039,0.029246523322323133,0.14603806873847558,0.7109284079531559,0.3070884948843929
0.03899478986693087,0.5426638541369985,0.053992785969596585,0.149825961602675,0.7291611760423639,0.3833487803841357
